abandon,
abate,
abbreviate,
abdicate,
abduct,
abet,
abhor,
abide,
abjure,
abolish,
abort,
abound,
abrade,
abrogate,
abscond,
abseil,
absent,
absolve,
absorb,
abstain,
abstract,
abuse,
abut,
accede,
accelerate,
accent,
accentuate,
accept,
access,
acclaim,
acclimatise,
accommodate,
accompany,
accomplish,
accord,
accost,
account,
accredit,
accrete,
accrue,
accumulate,
accuse,
accustom,
ache,
achieve,
achiever,
acidify,
acknowledge,
acquaint,
acquiesce,
acquire,
acquit,
act,
action,
activate,
actualize,actualise
actuate,
adapt,
add,
addict,
address,
adduce,
adhere,
adipose,
adjoin,
adjourn,
adjudge,
adjudicate,
adjust,
administer,
admire,
admit,
admonish,
adopt,
adore,
adorn,
adsorb,
adumbrate,
advance,
advertise,
advise,
advocate,
aerate,
aether,
affect,
affiliate,
affirm,
affix,
afflict,
afford,
affront,
age,
agegate,
aggravate,
aggregate,
agitate,
agonise,
agonize,agonise
agree,
aid,
ail,
aim,
air,
airlift,
akce,
alarm,
alert,
alienate,
alight,
align,
allay,
allege,
alleviate,
allocate,
allot,
allow,
allude,
ally,
alter,
alternate,
amalgamate,
amass,
amaze,
amble,
ambush,
ameliorate,
amend,
amount,
amplify,
amputate,
amuse,
anaesthetise,
anaesthetize,anaesthetise
analyse,
analyze,
anchor,
anger,
angle,
animate,
annex,
annihilate,
annotate,
announce,
annoy,
annul,
anoint,
anselm,
answer,
antagonise,
antagonize,antagonise
antedate,
anticipate,
ape,
apologise,
apologize,apologise
appal,
appeal,
appear,
appease,
append,
appertain,
applaud,
apply,
appoint,
apportion,
appraise,
appreciate,
apprehend,
apprentice,
approach,
appropriate,
approve,
approximate,
apps,
arbitrate,
arc,
arch,
archive,
argue,
arise,
arm,
arouse,
arraign,
arrange,
array,
arrest,
arrive,
arrogate,
art,
articulate,
ascend,
ascertain,
ascribe,
ask,
aspirate,
aspire,
assail,
assassinate,
assault,
assay,
assemble,
assent,
assert,
assess,
assign,
assimilate,
assist,
associate,
assuage,
assume,
assure,
astonish,
astound,
atone,
atrophy,
attach,
attach̩s,attach
attack,
attain,
attempt,
attend,
attenuate,
attest,
attire,
attract,
attribute,
attune,
auction,
audit,
audition,
augment,
augur,
aung,
authenticate,
authorise,
authorize,authorise
automate,
avail,
avenge,
aver,
average,
avert,
avoid,
avow,
await,
awake,
awaken,
award,
awe,
ax,
babble,
babysit,
babysitting,babysit
back,
backdate,
backfire,
backhanders,
backtrack,
badger,
baffle,
bag,
bail,
bait,
bake,
balance,
bale,
balk,
ball,
balloon,
ballot,
bamboozle,
ban,
band,
bandage,
bandy,
bang,
banish,
bank,
bankrupt,
banter,
baptise,
baptize,baptise
bar,
barbecue,
bare,
bargain,
barge,
bark,
barrack,
barricade,
barter,
base,
bash,
basins,
bask,
baste,
bat,
bath,
bathe,
batten,
batter,
battle,
baulk,
bawl,
bay,
be,
beach,
bead,
beam,
bear,
beat,
beaver,
beckon,
become,
bed,
bedevil,
beef,
befall,
befit,
befriend,
beg,
beget,
beggar,
begin,
begrudge,
beguile,
behave,
behead,
behold,
behove,
belch,
belie,
believe,
belittle,
bellow,
belly,
belong,
belt,
bemoan,
bend,
benefit,
bequeath,
berate,
bereave,
berth,
beseech,
beset,
besiege,
besmirch,
besotted,besot
bespeak,
best,
bestow,
bet,
betide,
betoken,
betray,
betroth,
better,
bevel,
bewail,
beware,
bewilder,
bewitch,
bias,
bicker,
bicycle,
bid,
bide,
bike,
bill,
billet,
billow,
bin,
bind,
birdie,
bisect,
bitch,
bite,
black,
blacken,
blacklist,
blackmail,
blame,
blanch,
blank,
blanket,
blare,
blast,
blaze,
bleach,
bleat,
bleed,
bleep,
blench,
blend,
bless,
blight,
blind,
blindfold,
blink,
blinker,
blister,
blitz,
block,
blockade,
blood,
bloom,
blossom,
blot,
blow,
bludgeon,
bluff,
blunder,
blunt,
blur,
blurt,
blush,
bluster,
board,
boast,
boat,
bob,
bode,
bogey,
bogged,bog
boggle,
boil,
bolster,
bolt,
bomb,
bombard,
bond,
bone,
boo,
book,
boom,
boost,
boot,
bop,
border,
bore,
borrow,
boss,
botch,
bother,
bottle,
bottom,
bounce,
bound,
bow,
bowl,
box,
boycott,
brace,
bracket,
brag,
brainwash,
brake,
branch,
brand,
brandish,
brave,
bray,
breach,
break,
breakfast,
breast,
breastfeed,
breathe,
breed,
breeze,
brew,
bribe,
bricked,brick
bridge,
bridle,
brief,
brighten,
brim,
brind,
bring,
bristle,
broach,
broadcast,
broaden,
broker,
brood,
brook,
brown,
browse,
bruise,
brush,
brutalize,
bubble,
buck,
bucket,
buckle,
bud,
budge,
budget,
buff,
buffer,
buffet,
bug,
bugger,
build,
bulge,
bulk,
bulldoze,
bully,
bumble,
bump,
bunch,
bundle,
bung,
bungle,
bunk,
bunker,
buoy,
burble,
burden,
burgeon,
burgle,
burn,
burnish,
burp,
burrow,
burst,
bury,
busk,
buss,
bust,
bustle,
busy,
butcher,
butt,
butter,
button,
buttress,
buy,
buzz,
bypass,
cable,
cackle,
caddy,
cage,
cajole,
cake,
calculate,
calibrate,
call,
calm,
calve,
camouflage,
camp,
campaign,
can,
cancel,
cannon,
canonise,
canter,
canvas,
canvass,canvas
cap,
capitalise,
capitalize,capitalise
capitulate,
capsize,
captain,
caption,
captivate,
capture,
card,
care,
career,
caress,
caricature,
carp,
carpet,
carry,
cart,
cartwheel,
carve,
cascade,
case,
cash,
cast,
castigate,
castrate,
catalogue,
catalyse,
catapult,
catch,
categorise,
categorize,categorise
cater,
cause,
caution,
cave,
cavort,
cease,
cede,
celebrate,
cement,
censor,
censure,
center,
centigrade,
centipede,
centralise,
centralize,centralise
centre,
centrifuge,
certificate,
certify,
cf,
cfs,
chafe,
chain,
chair,
chalk,
challenge,
champ,
champion,
chance,
change,
channel,
chant,
chaperon,
char,
characterise,
characterize,characterise
charge,
charm,
chart,
charter,
chase,
chastise,
chat,
chatter,
cheapen,
cheat,
check,
cheer,
cheese,
cherish,
chested,chest
chew,
chickened,chicken
chide,
chill,
chime,
chip,
chirp,
chirrup,
chisel,
chlorinate,
chlothar,
choke,
chomp,
choose,
chop,
choreograph,
choropleth,
chortle,
chorus,
christen,
chronicle,
chuck,
chuckle,
chug,
churn,
circle,
circulate,
circumcise,
circumscribe,
circumvent,
cite,
claim,
clam,
clamber,
clamour,
clamp,
clang,
clank,
clap,
clarify,
clash,
clasp,
class,
classify,
clatter,
claw,
clean,
cleanse,
clear,
cleave,
clench,
click,
climax,
climb,
clinch,
cling,
clink,
clip,
cloak,
clobber,
clock,
clog,
clone,
close,
closet,
clot,
clothe,
cloud,
clout,
club,
cluck,
clue,
clump,
clunk,
cluster,
clutch,
clutter,
coach,
coalesce,
coast,
coat,
coax,
cobble,
cock,
cocoon,
cod,
code,
codenamed,codename
codify,
coerce,
coexist,
cohabit,
cohere,
coil,
coin,
coincide,
coire,
collaborate,
collapse,
collar,
collate,
collect,
collide,
collude,
colonise,
colonize,colonise
colour,
comb,
combat,
combine,
come,
cometh,
comfort,
command,
commandeer,
commemorate,
commence,
commend,
comment,
commentate,
commiserate,
commission,
commit,
commune,
communicate,
commute,
compact,
compare,
compel,
compensate,
compete,
compile,
complain,
complement,
complete,
complexed,complex
complicate,
compliment,
comply,
compose,
compost,
compound,
comprehend,
compress,
comprise,
compromise,
compute,
con,
conceal,
concede,
conceive,
concentrate,
conceptualise,
conceptualize,conceptualise
concern,
conclude,
concoct,
concrete,
concur,
condemn,
condense,
condescend,
condition,
condone,
conduct,
confer,
confess,
confide,
configure,
confine,
confirm,
confiscate,
conflate,
conflict,
conform,
confound,
confront,
confuse,
congeal,
congratulate,
congregate,
conjecture,
conjoin,
conjugate,
conjure,
conk,
connect,
connive,
connote,
conquer,
conscript,
consecrate,
consent,
conserve,
consider,
consign,
consist,
console,
consolidate,
consort,
conspire,
constipate,
constitute,
constrain,
constrict,
construct,
construe,
consult,
consume,
consummate,
contact,
contain,
contaminate,
contemplate,
contend,
content,
contest,
continue,
contort,
contract,
contradict,
contrast,
contravene,
contribute,
contrive,
control,
convalesce,
convene,
converge,
converse,
convert,
convey,
convict,
convince,
convolute,
convulse,
coo,
cook,
cool,
cooped,coop
cooper,
cooperate,
coordinate,
cop,
cope,
copulate,
copy,
cordoned,cordon
corner,
corral,
correct,
correlate,
correspond,
corroborate,
corrode,
corrupt,
cosset,
cost,
cotton,
couch,
cough,
counsel,
count,
countenance,
counter,
counteract,
counterbalance,
countermand,
countersign,
couple,
course,
court,
covenant,
cover,
covet,
cow,
cower,
crack,
crackle,
cradle,
craft,
cram,
cramp,
crane,
crank,
crap,
crash,
crave,
crawl,
creak,
cream,
crease,
create,
cred,
credit,
creep,
cremate,
crest,
crew,
crimp,
cringe,
crinkle,
cripple,
criticise,
criticize,criticise
croak,
crochet,
crook,
croon,
crop,
cross,
crouch,
crow,
crowd,
crown,
crucify,
cruise,
crumble,
crumple,
crunch,
crush,
cry,
crystallise,
crystallize,crystallise
cuddle,
cue,
cuff,
cull,
culminate,
cultivate,
cum,
cup,
curated,curate
curb,
curdle,
cure,
curl,
curse,
curtail,
curtain,
curtsy,
curve,
cushion,
customise,
cut,
cycle,
dab,
dabble,
dae,
dally,
dam,
damage,
damn,
damp,
dampen,
dance,
dangle,
dare,
daresay,
darken,
darn,
dart,
dash,
date,
daub,
daunt,
davers,
dawdle,
dawn,
daydream,
daze,
dazzle,
deaden,
deadlocked,deadlock
deafen,
deal,
debar,
debase,
debate,
debit,
debut,
decamp,
decant,
decapitate,
decay,
deceive,
decelerate,
decentralise,
decide,
decimate,
decipher,
deck,
declaim,
declare,
decline,
decode,
decompose,
deconstruct,
decontrol,
decorate,
decrease,
decree,
decry,
dedicate,
deduce,
deduct,
deem,
deepen,
deface,
defame,
default,
defeat,
defecate,
defect,
defend,
defer,
defile,
define,
deflate,
deflect,
deform,
defraud,
defrost,
defuse,
defy,
degenerate,
degrade,
dehydrate,
deify,
deign,
delay,
delegate,
delete,
deliberate,
delight,
delimit,
delineate,
deliver,
delude,
deluge,
delve,
demand,
demarcate,
demean,
demob,
demobilize,
demolish,
demonstrate,
demoralise,
demoralize,demoralise
demote,
demur,
demystify,
denature,
denigrate,
denominate,
denote,
denounce,
dent,
denude,
deny,
depart,
depend,
depict,
deplete,
deplore,
deploy,
deport,
depose,
deposit,
deprave,
deprecate,
depreciate,
depress,
deprive,
depute,
deputise,
derail,
derange,
deregulate,
deride,
derive,
descend,
describe,
desecrate,
desert,
deserve,
design,
designate,
desire,
desist,
despair,
despatch,
despise,
despoil,
destabilise,
destabilize,destabilise
destine,
destroy,
detach,
detail,
detain,
detect,
deter,
deteriorate,
determine,
detest,
dethrone,
detonate,
detract,
devalue,
devastate,
develop,
deviate,
devise,
devolve,
devote,
devour,
diagnose,
dial,
dice,
dictate,
diddle,
die,
diet,
differ,
differentiate,
diffuse,
dig,
digest,
digitize,
digress,
dilate,
dilute,
dim,
diminish,
din,
dine,
dip,
direct,
dirty,
disable,
disadvantage,
disaggregated,disaggregate
disagree,
disallow,
disappear,
disappoint,
disapprove,
disarm,
disassociate,
disavow,
disband,
disbelieve,
disburse,
discard,
discern,
discharge,
discipline,
disclaim,
disclose,
discolour,
discomfit,
disconcert,
disconnect,
discontinue,
discount,
discourage,
discourse,
discover,
discredit,
discriminate,
discuss,
disdain,
disembark,
disembody,
disenfranchise,
disengage,
disentangle,
disfigure,
disgorge,
disgrace,
disguise,
disgust,
dish,
dishearten,
dishonour,
disillusion,
disinfect,
disinherit,
disintegrate,
dislike,
dislocate,
dislodge,
dismantle,
dismay,
dismember,
dismiss,
dismount,
disobey,
disorganize,
disown,
disparage,
dispatch,
dispel,
dispense,
disperse,
dispirit,
displace,
display,
displease,
dispose,
dispossess,
disprove,
dispute,
disqualify,
disquiet,
disregard,
disrupt,
dissect,
disseminate,
dissent,
dissipate,
dissociate,
dissolve,
dissuade,
distance,
distend,
distil,
distinguish,
distort,
distract,
distress,
distribute,
distrust,
disturb,
ditch,
dither,
dive,
diverge,
diversify,
divert,
divest,
divide,
divine,
divorce,
divulge,
do,
dock,
doctor,
document,
dodge,
doff,
dog,
doled,dole
dolled,doll
domed,
domicile,
dominate,
don,
donate,
doodle,
doom,
dope,
dose,
dost,
dot,
doth,do 
double,
doubt,
douse,
dovetail,
down,
downgrade,
download,
downplay,
doze,
drachenfels,
draft,
drag,
dragoon,
drain,
dramatise,
dramatize,dramatise
drape,
draw,
drawl,
dread,
dream,
dredge,
drench,
dress,
dribble,
drift,
drill,
drink,
drip,
drive,
drone,
drool,
droop,
drop,
drown,
drug,
drum,
dry,
du,
dub,
duck,
dull,
dumbfound,
dump,
dun,
dunk,
dupe,
duplicate,
dust,
dwarf,
dwell,
dwindle,
dye,
eagle,
earmark,
earn,
earth,
ease,
eat,
eavesdrop,
ebb,
echo,
eclipse,
economize,
eddy,
edge,
edit,
educate,
efface,
effect,
egg,
ejaculate,
eject,
eked,eke
elaborate,
elapse,
elasticated,elasticate
elbow,
elect,
electrify,
electrocute,
electrophoresed,electrophorese
elevate,
elicit,
elide,
eliminate,
elope,
elucidate,
elude,
elute,
emaciate,
emanate,
emancipate,
emasculate,
embalm,
embark,
embarrass,
embed,
embellish,
embezzle,
emblazon,
embody,
embolden,
emboss,
embrace,
embroider,
embroil,
emerge,
emigrate,
emit,
emphasise,
emphasize,emphasise
emplace,
employ,
empower,
empty,
emulate,
emulsify,
enable,
enact,
enamel,
encamp,
encapsulate,
encase,
enchant,
encircle,
enclose,
encode,
encompass,
encounter,
encourage,
encroach,
encrust,
encumber,
end,
endanger,
endear,
endeavour,
endorse,
endow,
endure,
energise,
energize,energise
enfold,
enforce,
engage,
engels,
engender,
engined,
engineer,
engrave,
engross,
engulf,
enhance,
enjoin,
enjoy,
enlarge,
enlighten,
enlist,
enliven,
enmesh,
ennoble,
enquire,
enrage,
enrich,
enrol,
ensconce,
enshrine,
enslave,
ensnare,
ensue,
ensure,
entail,
entangle,
enter,
entertain,
enthral,
enthrone,
enthuse,
entice,
entitle,
entomb,
entrance,
entrap,
entreat,
entrench,
entrust,
entwine,
enumerate,
enunciate,
envelop,
envisage,
envision,
envy,
epitomise,
epitomize,epitomise
equal,
equalise,
equalize,equalise
equate,
equilibrate,
equip,
eradicate,
erase,
erect,
erode,
err,
erupt,
escalate,
escape,
eschew,
escort,
espouse,
essay,
establish,
esteem,
estimate,
estopped,estop
etch,
evacuate,
evade,
evaluate,
evaporate,
even,
evict,
evidence,
evince,
evoke,
evolve,
exacerbate,
exact,
exaggerate,
exalt,
examine,
exasperate,
excavate,
exceed,
excel,
except,
exchange,
excise,
excite,
exclaim,
exclude,
excommunicate,
excrete,
excuse,
execute,
exemplify,
exempt,
exercise,
exert,
exhale,
exhaust,
exhibit,
exhort,
exhume,
exile,
exist,
exit,
exonerate,
exorcise,
exorcize,exorcise
expand,
expect,
expel,
expend,
experience,
experiment,
expire,
explain,
explode,
exploit,
explore,
export,
expose,
expostulate,
expound,
express,
expropriate,
expunge,
extend,
exterminate,
externalize,
extinguish,
extol,
extort,
extract,
extradite,
extrapolate,
extricate,
extrude,
exude,
exult,
eye,
fabricate,
face,
facilitate,
factor,
fade,
fail,
faint,
fake,
fall,
falsify,
falter,
familiarise,
familiarize,familiarise
fan,
fancy,
fantasise,
fantasize,fantasise
fare,
farm,
fart,
fascinate,
fashion,
fast,
fasten,
fat,
father,
fatigue,
fatten,
fault,
favour,
fawn,
fax,
fear,
feast,
feather,
feature,
fee,
feed,
feel,
feign,
fell,
felt,
fence,
fend,
ferment,
ferret,
ferry,
fertilise,
fertilize,fertilise
fester,
festoon,
fetch,
fete,
fetter,
fiddle,
fidget,
field,
fight,
figure,
filch,
file,
fill,
film,
filter,
fin,
finalise,
finalize,finalise
finance,
find,
fine,
finger,
finish,
fink,
fire,
firebomb,
firm,
fish,
fit,
fix,
fixate,
fizz,
fizzle,
flag,
flail,
flake,
flame,
flank,
flap,
flare,
flash,
flatten,
flatter,
flaunt,
flavour,
flay,
fleck,
fledge,
flee,
fleece,
flex,
flick,
flicker,
flinch,
fling,
flip,
flirt,
flit,
float,
flock,
flog,
flood,
floor,
flop,
flounce,
flounder,
flourish,
flout,
flow,
flower,
fluctuate,
fluff,
flunk,
fluoresce,
flurry,
flush,
fluster,
flutter,
fly,
foam,
fob,
focus,
fog,
foil,
foist,
fold,
follow,
foment,
fondle,
fool,
foot,
forage,
forbear,
forbid,
force,
ford,
forecast,
foreclose,
forego,
foreground,
foresee,
foreshadow,
forestall,
foretell,
forewarn,
forfeit,
forge,
forget,
forgive,
forgo,
fork,
form,
formalise,
formalize,formalise
format,
formulate,
forsake,
fortify,
forward,
foster,
foucault,
foul,
found,
founder,
fox,
fractionate,
fracture,
fragment,
frame,
franchise,
fray,
frazzle,
freak,
freckle,
free,
freeze,
freight,
frenzied,
frequent,
freshen,
fret,
frighten,
fringe,
frisk,
fritter,
frogmarch,
frolic,
front,
froth,
frown,
frustrate,
fry,
fuck,
fudge,
fuel,
fulfil,
fulfill,
fulminate,
fumble,
fume,
function,
fund,
funk,
funnel,
furnish,
furred,fur
furrow,
further,
fuse,
fuss,
fáil,
gabble,
gag,
gain,
gall,
gallop,
galvanise,
galvanize,galvanise
gamble,
gambol,
gang,
gap,
garden,
gargle,
garner,
garnish,
garrison,
garrotte,
gas,
gash,
gasp,
gather,
gauge,
gawp,
gaze,
gear,
gel,
gendered,gender
generalise,
generalize,generalise
generate,
gentle,
germinate,
gesticulate,
gesture,
get,
ghost,
gibber,
gie,
gift,
gigged,gig
giggle,
gild,
gim,
gird,
girdle,
give,
gladden,
glance,
glare,
glaze,
gleam,
glean,
glide,
glimmer,
glimpse,
glint,
glisten,
glitter,
gloat,
glorify,
glory,
gloss,
glow,
glower,
glue,
gnash,
gnaw,
go,
goad,
gobble,
gobsmacked,gobsmack
goggle,
gon,
gorge,
gossip,
gouge,
gouled,
govern,
grab,
grace,
grade,
graduate,
graft,
grant,
granulate,
grapple,
grasp,
grass,
grate,
gratify,
gravitate,
graze,
grease,
greet,
grey,
grieve,
grill,
grimace,
grin,
grind,
grip,
grit,
groan,
groom,
groove,
grope,
gross,
ground,
group,
grovel,
grow,
growl,
grub,
grudge,
grumble,
grunt,
guarantee,
guard,
guess,
guffaw,
guide,
guillotine,
gulp,
gun,
gurgle,
gush,
gusted,gust
gusting,gust
gutted,gut
guzzle,
habituate,
hack,
haggle,
hail,
hallucinate,
halt,
halve,
hammer,
hamper,
hand,
handcuff,
handicap,
handle,
hang,
hanker,
happen,
harangue,
harass,
harbour,
harden,
hare,
hark,
harm,
harmonise,
harmonize,harmonise
harness,
harp,
harrow,
harry,
harvest,
hassle,
hast,
hasten,
hat,
hatch,
hate,
hath,have
haul,
haunt,
hav,have
have,
hawk,
hazard,
head,
headhunted,headhunt
headline,
headquarter,
heal,
heap,
hear,
hearten,
heat,
heathcliff,
heave,
heckle,
hedge,
heed,
heel,
heft,
heifers,
heighten,
help,
hem,
herald,
herd,
hesitate,
hev,
hew,
hibernate,
hide,
highlight,
hijack,
hike,
hinder,
hinge,
hint,
hire,
hiss,
hit,
hitch,
hive,
hoard,
hobble,
hoe,
hog,
hoist,
hold,
hole,
holiday,
holler,
hollow,
holstered,holster
home,
hone,
honeycomb,
honk,
honour,
hoodwink,
hook,
hoot,
hoover,
hop,
hope,
horn,
horrify,
hose,
hospitalise,
hospitalize,hospitalise
host,
hotting,hot
hound,
house,
hover,
howl,
huddle,
huff,
hug,
hum,
humble,
hume,
humiliate,
humour,
hump,
hunch,
hunker,
hunt,
hurl,
hurry,
hurt,
hurtle,
hush,
husk,
hustle,
hybridise,
hybridize,hybridise
hype,
hyperventilate,
hypnotise,
hypnotize,hypnotise
hypothesise,
hypothesize,hypothesise
ice,
idealize,
identify,
idle,
idolise,
idolize,idolise
igg,
ignite,
ignore,
illuminate,
illumine,
illustrate,
im,be
image,
imagine,
imbibe,
imbue,
imitate,
immerse,
immobilise,
immobilize,immobilise
immortalise,
immunise,
immunize,immunise
immunoprecipitated,immunoprecipitate
immure,
impact,
impair,
impale,
impart,
impede,
impel,
impersonate,
impinge,
implant,
implement,
implicate,
implode,
implore,
imply,
import,
impose,
impound,
impregnate,
impress,
imprint,
imprison,
improve,
improvise,
impugn,
impute,
in,
inactivate,
inaugurate,
incapacitate,
incarcerate,
incarnate,
incense,
inch,
incinerate,
incise,
incite,
incline,
include,
inconvenience,
incorporate,
increase,
incremented,increment
incriminate,
incubate,
inculcate,
incur,
indemnify,
indent,
index,
indicate,
indict,
indoctrinate,
induce,
induct,
indulge,
infect,
infer,
infest,
infilled,infill
infiltrate,
inflame,
inflate,
inflect,
inflict,
influence,
inform,
infringe,
infuriate,
infuse,
ingest,
ingrain,
inhabit,
inhale,
inherit,
inhibit,
initial,
initialise,
initiate,
inject,
injure,
innervate,
innovate,
inoculate,
input,
inquire,
inscribe,
inseminate,
insert,
inset,
insinuate,
insist,
inspect,
inspire,
instal,
install,
instance,
instigate,
instil,
instill,
institute,
institutionalise,
institutionalize,institutionalise
instruct,
insulate,
insult,
insure,
integrate,
intend,
intensify,
inter,
interact,
interbreed,
intercede,
intercept,
interchange,
interconnect,
interest,
interface,
interfaced,interface
interfere,
interject,
interleave,
interlock,
intermarry,
intermediate,
intermingle,
intermix,
intern,
internalise,
internalize,internalise
interpenetrate,
interpolate,
interpose,
interpret,
interrelate,
interrogate,
interrupt,
intersect,
intersperse,
intertwine,
intervene,
interview,
interweave,
intimate,
intimidate,
intone,
intoxicate,
intrigue,
introduce,
introvert,
intrude,
inundate,
inure,
invade,
invalid,
invalidate,
inveigh,
inveigle,
invent,
invert,
invest,
investigate,
invigorate,
invite,
invoice,
invoke,
involve,
irk,
iron,
irradiate,
irrigate,
irritate,
isolate,
iss,
issue,
italicise,
itch,
itemise,
itemize,itemise
jab,
jabber,
jack,
jail,
jam,
jangle,
jar,
jeer,
jeopardise,
jeopardize,jeopardise
jerk,
jest,
jet,
jettison,
jib,
jiggle,
jilt,
jingle,
jinked,jink
jockey,
jog,
join,
joint,
joke,
jolly,
jolt,
jostle,
jot,
journey,
judder,
judge,
juggle,
jumble,
jump,
jung,
justify,
jut,
juxtapose,
keel,
keep,
ken,
key,
kick,
kid,
kidnap,
kill,
kindle,
kiss,
kitted,kit
knead,
kneel,
knife,
knight,
knit,
knock,
knot,
know,
knuckle,
label,
labour,
lace,
lack,
lacquer,
lade,
ladle,
lag,
lam,
lambast,
lament,
lampoon,
lance,
land,
landscape,
languish,
lap,
lapse,
lash,
last,
latch,
lather,
laud,
laugh,
launch,
launder,
lavish,
lay,
layer,
laze,
leach,
lead,
leaf,
leak,
lean,
leap,
leapfrog,
learn,
lease,
leave,
lecture,
leer,
leg,
legalise,
legalize,legalise
legislate,
legitimate,
legitimise,
legitimize,legitimise
lend,
lengthen,
lessen,
let,
letter,
level,
lever,
levy,
liaise,
libel,
liberalise,
liberate,
license,
lick,
lie,
lift,
light,
lighten,
like,
liken,
limber,
limit,
limp,
line,
linger,
link,
liquefy,
liquidate,
list,
listen,
litter,
live,
liven,
load,
loan,
loathe,
lob,
lobby,
localise,
localize,localise
locate,
lock,
lodge,
log,
loiter,
loll,
long,
look,
loom,
loop,
loose,
loosen,
loot,
lop,
lose,
lounge,
lounger,
loungers,
love,
low,
lower,
lubricate,
lug,
lull,
lumber,
lump,
lunch,
lunge,
lurch,
lure,
lurk,
lust,
luv,
lynch,
machine,
madden,
magnify,
mail,
maim,
maintain,
make,
maketh,make
malabsorbed,malabsorb
malfunction,
malign,
maltreat,
man,
manacle,
manage,
mandate,
mangle,
manhandle,
manifest,
manipulate,
manoeuvre,
manufacture,
map,
mar,
march,
marginalise,
marginalize,marginalise
marinate,
mark,
market,
marry,
marshal,
marshall,
marvel,
mash,
mask,
masquerade,
mass,
massacre,
massage,
master,
mastermind,
masturbate,
mat,
match,
mate,
materialise,
materialize,materialise
matriculate,
matter,
mature,
maul,
maximise,
maximize,maximise
mayhew,
mean,
meander,
measure,
mechanize,
med,
meddle,
mediate,
meditate,
meet,
mek,
mellow,
melt,
memorise,
memorize,memorise
menace,
mend,
mens,
menstruate,
mention,
merge,
merit,
mesh,
mesmerise,
mesmerize,mesmerise
mess,
metabolise,
metamorphose,
meted,mete
mew,
miff,
migrate,
militate,
milk,
mill,
mime,
mimic,
mince,
mind,
mine,
mingle,
minimise,
minimize,minimise
minister,
mint,
minuted,minute
minutes,
mirror,
misappropriate,
misbehave,
miscalculate,
miscarry,
miscast,
misconceive,
misconstrue,
misdirect,
misfire,
mishandle,
misinform,
misinterpret,
misjudge,
mislay,
mislead,
mismanage,
misplace,
misquote,
misread,
misrepresent,
miss,
mist,
mistake,
mistreat,
mistrust,
misunderstand,
misuse,
mitigate,
mix,
moan,
mob,
mobilise,
mobilize,mobilise
mock,
model,
moderate,
modernise,
modernize,modernise
modify,
modulate,
moisten,
molest,
mollify,
monitor,
monopolise,
monopolize,monopolise
mooch,
moor,
moot,
mop,
mortar,
mortgage,
mortify,
mother,
motion,
motivate,
motor,
mould,
moult,
mount,
mourn,
mouth,
move,
mow,
muck,
muddle,
muddy,
muffle,
mug,
mull,
multiply,
mumble,
munch,
murder,
murmur,
muscle,
muse,
mushroom,
muster,
mutate,
mute,
mutilate,
mutiny,
mutter,
muzzle,
mystify,
nab,
nag,
nail,
name,
narrate,
narrow,
nationalise,
naturalise,
nauseate,
navigate,
near,
necessitate,
need,
needle,
negate,
neglect,
negotiate,
nerve,
nest,
nestle,
net,
nettle,
neuter,
neutralise,
neutralize,neutralise
nibble,
nick,
nickname,
niggle,
nip,
no,
nobble,
nod,
nominate,
normalise,
normalize,normalise
nose,
notch,
note,
notice,
notify,
nourish,
nudge,
nullify,
numb,
number,
nurse,
nurture,
nuzzle,
oaldce,
obey,
object,
objectify,
oblige,
obliterate,
obscure,
observe,
obsess,
obstruct,
obtain,
obtrude,
obviate,
occasion,
occlude,
occupy,
occur,
offend,
offer,
officiate,
offload,
offset,
ogle,
oil,
omit,
ooze,
open,
operate,
opine,
opinionated,
oppose,
oppress,
opt,
optimise,
optimize,optimise
orbit,
orchestrate,
ordain,
order,
organise,
organize,organise
orient,
orientate,
originate,
ornament,
oscillate,
ostracise,
ostracize,ostracise
oust,
outbid,
outclass,
outdo,
outflank,
outgrow,
outlast,
outlaw,
outline,
outlive,
outmanoeuvre,
outnumber,
outpace,
outperform,
outplay,
outpoint,
output,
outrank,
outrun,
outsell,
outshine,
outstay,
outstrip,
outvote,
outweigh,
outwit,
overawe,
overbalance,
overbear,
overburden,
overcharge,
overcome,
overcook,
overcrowd,
overdo,
overdose,
overestimate,
overflow,
overgrow,
overhang,
overhaul,
overhear,
overheat,
overlap,
overlay,
overlie,
overload,
overlook,
overpay,
overplay,
overpower,
overreach,
overreact,
override,
overrule,
overrun,
oversee,
overshadow,
overshoot,
oversimplify,
oversleep,
overspend,
overstate,
overstay,
overstep,
overstretch,
oversubscribed,oversubscribe
overtake,
overthrow,
overturn,
overvalue,
overwhelm,
overwinter,
overwrite,
overwrought,
ow,
owe,
own,
oxidise,
oxidize,oxidise
pace,
pacify,
pack,
package,
pad,
paddle,
padlock,
page,
pain,
paint,
pair,
pal,
palm,
pamper,
pan,
pander,
panic,
pant,
paper,
par,
parachute,
parade,
parallel,
paralyse,
paraphrase,
parasitises,parasitise
parcel,
pardon,
pare,
park,
parody,
parry,
parse,
part,
partake,
participate,
partition,
partner,
pass,
paste,
pat,
patch,
patent,
patrol,
patronise,
patronize,patronise
patter,
pause,
pave,
paw,
pawn,
pay,
peak,
peck,
pedal,
peddle,
pee,
peek,
peel,
peep,
peer,
peg,
pelt,
pen,
penalise,
penalize,penalise
pencil,
penetrate,
pension,
people,
pepper,
perceive,
perch,
percolate,
perfect,
perform,
perfuse,
perish,
perk,
perm,
permeate,
permit,
permute,
perpetrate,
perpetuate,
perplex,
persecute,
persevere,
persist,
personalise,
personalize,personalise
personify,
perspire,
persuade,
pertain,
perturb,
peruse,
pervade,
pester,
pet,
peter,
petered,peter
peters,
petition,
phase,
phone,
phosphorylated,phosphorylate
photocopy,
photograph,
phrase,
pick,
picket,
pickle,
picnic,
picture,
piece,
pierce,
pile,
pillage,
pillory,
pilot,
pin,
pinch,
pinion,
pinpoint,
pioneer,
pip,
pipe,
pirate,
piss,
pit,
pitch,
pity,
pivot,
placate,
place,
plague,
plait,
plan,
plant,
plaster,
plat,
play,
plead,
please,
pledge,
plod,
plonk,
plop,
plot,
plough,
pluck,
plug,
plumb,
plummet,
plump,
plunder,
plunge,
plunger,
ply,
poach,
pock,
pocket,
point,
poise,
poison,
poke,
polarise,
polarize,polarise
pole,
police,
polish,
politicize,
poll,
pollinate,
pollute,
polyunsaturated,polyunsaturate
ponder,
pool,
pop,
popularise,
popularize,popularise
populate,
pore,
port,
portend,
portray,
pose,
posit,
position,
possess,
post,
postmark,
postpone,
postulate,
pot,
potentiate,
potter,
pounce,
pound,
pour,
pout,
powder,
power,
practice,
practise,
praise,
prance,
prattle,
pray,
preach,
precede,
precipitate,
preclude,
predate,
predecease,
predetermine,
predicate,
predict,
predispose,
predominate,
preen,
preface,
prefer,
prefigure,
prefix,
preheat,
preincubated,preincubate
prejudge,
prejudice,
premeditate,
premier,
premise,
preoccupy,
prepare,
presage,
prescribe,
present,
preserve,
presets,preset
preside,
press,
pressure,
pressurise,
pressurize,pressurise
presume,
presuppose,
pretend,
pretreated,pretreat
prevail,
prevaricate,
prevent,
preview,
prey,
price,
prick,
prickle,
pride,
prim,
principled,
print,
prioritise,
prioritize,prioritise
prise,
privatise,
privatize,privatise
prize,
probe,
proceed,
process,
proclaim,
procrastinate,
procure,
prod,
produce,
profane,
profess,
proffer,
profile,
profit,
program,
progress,
prohibit,
project,
proliferate,
prolong,
promise,
promote,
prompt,
promulgate,
pronounce,
proof,
prop,
propagate,
propel,
prophesy,
proportion,
propose,
proposition,
propound,
proscribe,
prosecute,
prospect,
prosper,
prostitute,
prostrate,
protect,
protest,
protrude,
prove,
provide,
provoke,
prowl,
prune,
pry,
psyched,psych
publicise,
publicize,publicise
publish,
pucker,
puff,
puke,
pull,
pulsate,
pulse,
pummel,
pump,
punch,
punctuate,
puncture,
punish,
punt,
purchase,
purge,
purify,
purloin,
purport,
purr,
purse,
pursue,
purvey,
push,
put,
putt,
puzzle,
pyruvate,
quack,
quadruple,
quaff,
quail,
quake,
qualify,
quantify,
quarantine,
quarrel,
quarry,
quarter,
quash,
quaver,
quell,
quench,
query,
question,
queue,
quibble,
quicken,
quiet,
quieten,
quip,
quirk,
quit,
quiver,
quiz,
quote,
race,
rack,
radiate,
radio,
rag,
rage,
raid,
rail,
rain,
raise,
rake,
rally,
ram,
ramble,
rampage,
randomise,
randomize,randomise
range,
rank,
rankle,
ransack,
rant,
ranulf,
rap,
rape,
rasp,
rat,
rate,
ratify,
ration,
rationalise,
rationalize,rationalise
rattle,
ravage,
rave,
ravish,
raze,
reach,
react,
reactivate,
read,
readied,ready
readjust,
readmitted,readmit
ready,
reaffirm,
realign,
realise,
realize,realise
reallocate,
reap,
reappear,
reappointed,reappoint
reappraise,
rear,
rearrange,
rearrested,rearrest
reason,
reassemble,
reassert,
reassess,
reassign,
reassure,
reawaken,
rebel,
reborn,
rebound,
rebuff,
rebuild,
rebuke,
rebut,
recalculate,
recall,
recant,
recapitulate,
recapture,
recast,
recede,
receive,
recess,
recharge,
rechristened,rechristen
reciprocate,
recite,
reckon,
reclaim,
reclassify,
recline,
recognise,
recognize,recognise
recoil,
recollect,
recommence,
recommend,
reconcile,
recondition,
reconfirm,
reconnoitre,
reconsider,
reconstitute,
reconstruct,
reconvene,
record,
recount,
recoup,
recover,
recreate,
recruit,
rectify,
recuperate,
recur,
recycle,
redden,
redecorate,
redeem,
redefine,
redeploy,
redesign,
redevelop,
redirect,
rediscover,
redistribute,
redo,
redouble,
redrafted,redraft
redrawn,redraw
redress,
reduce,
reek,
reel,
reestablish,
refer,
referee,
reference,
refill,
refine,
refinish,
refit,
reflect,
refluxed,reflux
refocus,
refolded,refold
reform,
reformulate,
refract,
refrain,
refresh,
refrigerate,
refuel,
refund,
refurbish,
refuse,
refute,
regain,
regale,
regard,
regenerate,
register,
regress,
regret,
regroup,
regulate,
regurgitate,
rehabilitate,
rehearse,
reheat,
rehouse,
reign,
reimburse,
reimpose,
rein,
reincarnate,
reinforce,
reinstate,
reinterpret,
reintroduce,
reinvent,
reinvested,reinvest
reinvigorate,
reissue,
reiterate,
reject,
rejoice,
rejoin,
rejuvenate,
rekindle,
relaid,relay
relapse,
relate,
relaunched,relaunch
relax,
relay,
release,
relegate,
relent,
relieve,
relinquish,
relish,
relive,
reload,
relocate,
rely,
remain,
remake,
remand,
remark,
remarry,
remedied,remedy
remedy,
remember,
remind,
reminisce,
remit,
remixed,remix
remmed,rem
remodelled,remodel
remonstrate,
remount,
remove,
remunerate,
rename,
rend,
render,
rendezvous,
renege,
renegotiate,
renew,
renounce,
renovate,
rent,
renumbered,renumber
reopen,
reorder,
reorganise,
reorganize,reorganise
repackaged,repackage
repaint,
repair,
repatriate,
repay,
repeal,
repeat,
repel,
repens,repen
repent,
rephrase,
replace,
replant,
replay,
replenish,
replicate,
reply,
report,
repose,
reposition,
repossess,
represent,
repress,
reprieve,
reprimand,
reprint,
reproach,
reprocess,
reproduce,
reprove,
republish,
repudiate,
repulse,
repute,
request,
require,
requisition,
reread,
reschedule,
rescind,
rescue,
reseal,
research,
resect,
resell,
resemble,
resent,
reserve,
reset,
resettle,
reshape,
reshuffle,
reside,
resign,
resist,
resold,resell
resolve,
resonate,
resort,
resound,
resourced,resource
respect,
respond,
rest,
restart,
restate,
restore,
restrain,
restrict,
restructure,
result,
resume,
resurface,
resurrect,
resuscitate,
resuspend,
retail,
retain,
retake,
retaliate,
retard,
retch,
retell,
rethink,
retire,
retitled,retitle
retort,
retrace,
retract,
retrain,
retreat,
retrieve,
return,
reunite,
reuse,
rev,
revalue,
revamp,
reveal,
revel,
reverberate,
revere,
reverse,
revert,
review,
revile,
revise,
revisit,
revitalise,
revitalize,revitalise
revive,
revoke,
revolt,
revolutionise,
revolutionize,revolutionise
revolve,
reward,
rewind,
rewire,
rework,
rewrite,
rhyme,
ricochet,
rid,
riddle,
ride,
ridicule,
riffle,
rifle,
rig,
right,
rile,
rim,
ring,
rinse,
riot,
rip,
ripen,
ripple,
rise,
risk,
rival,
rive,
rivet,
roam,
roar,
roast,
rob,
rock,
rocket,
roll,
romanticize,
romp,
roof,
room,
roost,
root,
rope,
rot,
rotate,
rough,
round,
rouse,
rout,
rove,
row,
rub,
rubbish,
rue,
ruffle,
ruin,
rule,
rumble,
ruminate,
rummage,
rumour,
rumple,
run,
rupture,
rush,
rust,
rustle,
s,be
sabotage,
sack,
sacrifice,
sadden,
saddle,
safeguard,
sag,
sail,
salivate,
sallied,sally
salute,
salvage,
salve,
sample,
sanctify,
sanction,
sand,
sandwich,
sap,
sashay,
sate,
satirize,
satisfy,
saturate,
saunter,
savage,
save,
savour,
saw,
say,
scald,
scale,
scamper,
scan,
scandalise,
scandalize,scandalise
scar,
scare,
scarper,
scatter,
scavenge,
scent,
schedule,
scheme,
school,
scissor,
scoff,
scold,
scoop,
scoot,
scorch,
score,
scorn,
scotch,
scour,
scout,
scowl,
scrabble,
scramble,
scrap,
scrape,
scratch,
scrawl,
scream,
screech,
screen,
screw,
scribble,
script,
scroll,
scrounge,
scrub,
scrunch,
scrutinise,
scrutinize,scrutinise
scud,
scuff,
scuffle,
scull,
sculpt,
scupper,
scurry,
scuttle,
scythe,
seal,
seam,
sear,
search,
season,
seat,
secede,
second,
secrete,
section,
secure,
sedate,
seduce,
see,
seed,
seek,
seem,
seep,
seethe,
segment,
segregate,
seize,
select,
sell,
send,
sense,
sensitize,
sentence,
separate,
sequence,
sequester,
seroconverted,seroconvert
serve,
service,
set,
settle,
sever,
sew,
sex,
sez,
shack,
shackle,
shade,
shadow,
shag,
shake,
sham,
shamble,
shape,
share,
sharpen,
shatter,
shave,
shear,
sheathe,
shed,
sheet,
shell,
shelter,
shelve,
shepherd,
shew,
shibboleth,
shield,
shift,
shimmer,
shin,
shine,
ship,
shipbuilders,
shipwreck,
shirk,
shit,
shiver,
shock,
shoe,
shoo,
shoot,
shop,
shore,
shorn,
short,
shorten,
shortlist,
shoulder,
shout,
shove,
shovel,
show,
shower,
shred,
shriek,
shrill,
shrink,
shrivel,
shroud,
shrug,
shudder,
shuffle,
shun,
shunt,
shush,
shut,
shuttle,
shy,
sicken,
side,
sideline,
sidestep,
sidle,
sieve,
sift,
sigh,
sight,
sign,
signal,
signify,
signpost,
silence,
silhouette,
silt,
silver,
simmer,
simper,
simplify,
simulate,
sin,
sing,
single,
sink,
sip,
siphon,
sire,
sit,
situate,
size,
sizzle,
skate,
sketch,
skew,
skewer,
ski,
skid,
skim,
skimp,
skin,
skip,
skipper,
skirt,
skitter,
skittle,
skive,
skulk,
slacken,
slag,
slam,
slander,
slant,
slap,
slash,
slat,
slaughter,
slave,
slay,
sleep,
slew,
slice,
slick,
slide,
slight,
slim,
slimmed,slim
sling,
slink,
slip,
slit,
slither,
slog,
slop,
slope,
slosh,
slot,
slouch,
slough,
slow,
slug,
sluice,
slumber,
slump,
slur,
slurp,
smack,
smart,
smartened,smarten
smash,
smear,
smell,
smelt,
smile,
smirk,
smite,
smoke,
smooth,
smother,
smoulder,
smudge,
smuggle,
snag,
snake,
snap,
snare,
snarl,
snatch,
sneak,
sneer,
sneeze,
sniff,
sniffle,
snigger,
snip,
snog,
snoop,
snooze,
snore,
snort,
snow,
snowball,
snub,
snuff,
snuffle,
snuggle,
soak,
soap,
soar,
sob,
sober,
socialise,
socialize,socialise
sod,
soften,
soil,
solder,
soldier,
solicit,
solidify,
solipsist,
solo,
solve,
somersault,
soothe,
sort,
sound,
sour,
source,
sow,
space,
spake,
span,
spangle,
spank,
spar,
spare,
spark,
sparkle,
spat,
spatter,
spawn,
speak,
spear,
spearhead,
specialise,
specialize,specialise
specify,
spect,
speculate,
speed,
spell,
spend,
spew,
spice,
spike,
spill,
spin,
spiral,
spirit,
spit,
splash,
splatter,
splay,
splice,
splinter,
split,
splutter,
spoil,
sponge,
sponsor,
spook,
spoon,
sport,
spot,
spotlight,
spout,
sprain,
sprawl,
spray,
spread,
spreadeagle,
spring,
sprinkle,
sprint,
sprout,
spruce,
spur,
spurn,
spurt,
sputter,
spy,
squabble,
squander,
square,
squash,
squat,
squawk,
squeak,
squeal,
squeeze,
squelch,
squint,
squirm,
squirt,
stab,
stabilise,
stabilize,stabilise
stable,
stack,
staff,
stag,
stage,
stagger,
stagnate,
stain,
stake,
stalk,
stall,
stammer,
stamp,
stampede,
stand,
standardise,
standardize,standardise
staple,
star,
starch,
stare,
start,
startle,
starve,
stash,
state,
station,
stave,
stay,
steady,
steal,
steam,
steamroller,
steel,
steep,
steepen,
steer,
stem,
stencil,
step,
sterilise,
sterilize,sterilise
stew,
stick,
stiffen,
stifle,
stigmatise,
stigmatize,stigmatise
still,
stilted,stilt
stimulate,
sting,
stink,
stint,
stipulate,
stir,
stitch,
stock,
stockpile,
stoke,
stomp,
stone,
stoop,
stop,
store,
storm,
stow,
straddle,
strafe,
straggle,
straighten,
strain,
strand,
strangle,
strap,
stray,
streak,
stream,
streamline,
strengthen,
stress,
stretch,
stretchered,stretcher
strew,
stride,
strike,
string,
strip,
strive,
stroke,
stroll,
structure,
struggle,
strum,
strut,
stub,
stud,
study,
stuff,
stumble,
stump,
stun,
stunt,
stupefy,
stutter,
style,
stymie,
subcloned,subclone
subcontract,
subdivide,
subducted,subduct
subdue,
subject,
subjugate,
sublimate,
submerge,
submit,
subordinate,
subscribe,
subserve,
subside,
subsidise,
subsidize,subsidise
subsist,
substantiate,
substitute,
subsume,
subtend,
subtitle,
subtract,
subunits,
subvert,
succeed,
succumb,
suck,
suckle,
sue,
suffer,
suffice,
suffocate,
suffuse,
suggest,
suit,
sulk,
sully,
sum,
summarise,
summarize,summarise
summer,
summon,
summons,summon
sun,
sunbathe,
sunder,
sunloungers,
sup,
superimpose,
supersede,
supervene,
supervise,
supplant,
supplement,
supply,
support,
suppose,
suppress,
surf,
surface,
surge,
surmise,
surmount,
surpass,
surprise,
surrender,
surround,
survey,
survive,
suspect,
suspend,
sussed,suss
sustain,
swab,
swaddle,
swagger,
swallow,
swamp,
swap,
swarm,
swat,
swathe,
sway,
swear,
sweat,
sweep,
sweeten,
swell,
swelter,
swerve,
swig,
swill,
swim,
swindle,
swing,
swipe,
swirl,
swish,
switch,
swivel,
swoon,
swoop,
swop,
symbolise,
symbolize,symbolise
sympathise,
sympathize,sympathise
synchronise,
synchronize,synchronise
synthesise,
synthesize,synthesise
syphon,
systematize,
table,
tabulate,
tack,
tackle,
tag,
tail,
tailor,
taint,
take,
taketh,take
talk,
tally,
tame,
tamper,
tan,
tangle,
tap,
tape,
taper,
tar,
target,
targetted,target
tarnish,
tarted,tart
task,
taste,
tattoo,
taunt,
tauten,
tax,
taxi,
teach,
team,
tear,
tease,
tee,
teem,
teeter,
tek,
telegraph,
telephone,
telescope,
televise,
telex,
tell,
temper,
tempt,
tenant,
tend,
tender,
tense,
term,
terminate,
terrify,
terrorise,
terrorize,terrorise
tess,
test,
testify,
tether,
thank,
thaw,
theorise,
theorize,theorise
thicken,
thin,
think,
thirst,
thrash,
thread,
threaten,
thresh,
thrill,
thrive,
throb,
throng,
throttle,
throw,
thrust,
thud,
thumb,
thump,
thunder,
thwart,
tick,
tickle,
tidy,
tie,
tighten,
tile,
till,
tilt,
timbered,timber
time,
timetabled,timetable
ting,
tingle,
tinker,
tinkle,
tint,
tip,
tiptoe,
tire,
titillate,
title,
titrate,
titter,
toads,
toast,
toddle,
toe,
toil,
tolerate,
toll,
tone,
tool,
toot,
top,
topple,
torch,
torment,
torpedo,
torsades,
torture,
toss,
tot,
total,
totter,
touch,
toughen,
tour,
tousle,
tout,
tow,
towel,
tower,
toy,
trace,
track,
trackbed,
trade,
trail,
train,
traipse,
tramp,
trample,
transact,
transcend,
transcribe,
transfected,transfect
transfer,
transfigure,
transfix,
transform,
transgress,
translate,
transmit,
transmute,
transpire,
transplant,
transport,
transpose,
trap,
trash,
traumatise,
travel,
traverse,
trawl,
tread,
treasure,
treat,
treble,
trek,
tremble,
trespass,
trialled,trial
trick,
trickle,
trigger,
trill,
trim,
trip,
triple,
triumph,
trivialise,
trivialize,trivialise
troop,
trot,
trouble,
trounce,
trudge,
trump,
trumpet,
truncate,
trundle,
truss,
trust,
try,
tuck,
tug,
tumble,
tune,
tunnel,
turf,
turn,
tussle,
tutor,
tutted,tut
twang,
tweak,
twiddle,
twig,
twin,
twinkle,
twirl,
twist,
twitch,
twitter,
type,
typeset,
typify,
unafraid,
unbalance,
unbeliever,
unbelievers,
unbend,
unbutton,
unclenched,unclench
uncork,
uncover,
uncurl,
undercut,
underestimate,
undergo,
underlay,
underlie,
underline,
undermine,
underpay,
underpin,
underplay,
underrate,
underscore,
underspend,
understand,
understate,
undertake,
undervalue,
underwrite,
undo,
undress,
undulate,
unearth,
unfasten,
unfit,
unfold,
unfreeze,
unfurl,
unhinge,
unhitch,
unhook,
unify,
unite,
unleash,
unload,
unlock,
unmask,
unnerve,
unpack,
unplug,
unproven,
unquote,
unravel,
unroll,
unscrew,
unseat,
unsettle,
unsurprising,
untie,
unveil,
unwind,
unwrap,
unzip,
up,
upbraid,
update,
upend,
upgrade,
uphold,
upholster,
uplift,
uprated,uprate
uproot,
upset,
upstage,
urge,
urinate,
use,
usher,
usurp,
utilise,
utilize,utilise
utter,
vacate,
vaccinate,
vacillate,
vacuum,
validate,
value,
vandalise,
vandalize,vandalise
vanish,
vanquish,
vaporise,
varnish,
vary,
vault,
vaunt,
ve,
veer,
veil,
venerate,
vent,
ventilate,
venture,
verge,
verify,
verse,
vest,
vet,
veto,
vex,
vibrate,
victimise,
victimize,victimise
video,
videoed,video
videotape,
vie,
view,
vilify,
vindicate,
violate,
visit,
visualise,
visualize,visualise
vitiate,
vive,
vives,
voice,
void,
volley,
volunteer,
vomit,
vote,
vouch,
vouchsafe,
vow,
wad,
waddle,
wade,
waffle,
waft,
wag,
wager,
waggle,
wail,
wait,
waive,
wake,
waken,
walk,
wall,
wallop,
wallow,
waltz,
wan,
wander,
wangle,
wank,
want,
war,
warble,
ward,
warm,
warn,
warp,
warrant,
wash,
waste,
watch,
water,
wave,
waver,
wax,
waylay,
weaken,
wean,
wear,
weary,
weather,
weave,
wed,
wedge,
wee,
weed,
weep,
weigh,
weight,
welcome,
weld,
well,
wend,
wert,
wes,
wet,
wether,
whack,
wheedle,
wheel,
wheeze,
whet,
while,
whiled,while
whimper,
whine,
whinny,
whip,
whir,
whirl,
whisk,
whisper,
whistle,
whiten,
whitewash,
whittle,
whiz,
whoop,
widen,
wield,
wiggle,
will,
wilt,
win,
wince,
winch,
wind,
wing,
wink,
winkle,
winter,
wipe,
wire,
wish,
withdraw,
wither,
withhold,
withstand,
witness,
wobble,
wolf,
wonder,
woo,
word,
work,
worm,
worry,
worsen,
worship,
worst,
wound,
wow,
wrack,
wrap,
wreak,
wreathe,
wreck,
wrench,
wrest,
wrestle,
wriggle,
wring,
wrinkle,
writ,
write,
writhe,
wrong,
wus,
wuz,
yank,
yap,
yawn,
yearn,
yell,
yelp,
yen,
yield,
yoke,
yts,
zap,
zero,
zigzag,
zip,
zoom,
zzap,
